Creators 1,Creators 2,Creators 3,Creators 4,Creators 5,Creators 6,Creators 7,Creators 8,Creators 9,Creators 10,Creators 11
Jeremy Azopardi,,,,,,,,,,
Kevin Manuel,Alex Cooper,Rosa Orlandini,,,,,,,,
Alexandra Cooper,Elizabeth Hill,Kristi Thompson,,,,,,,,
Elizabeth Hill,Kristi Thompson,,,,,,,,,
Kathrin Behrens,,,,,,,,,,
Hervé L'Hours,,,,,,,,,,
Tatiana Kvetnaya,,,,,,,,,,
Hilde Orten,Hanna Thome Pettersen,Knut Kalgraff Skjåk,Bodil Agasøster,,,,,,,
Bojana Tasic,Stefan Beurli,,,,,,,,,
Sonja Bezjak,Ricarda Braukman,Helen Clare,Maja Dolinar,Iryna Kuchma,Ellen Leenarts,Irena Vipavc Brvar,,,,
Nobutada Yokouchi,Satoshi Miwa,,,,,,,,,
Cameron Tuai,,,,,,,,,,
Ina Nepstad,Njaal Hendrik Neckelmann,"Mathilde Steinsvåg Hansen,",,,,,,,,
Emmy Medard Muhumuza,Grace Adong,,,,,,,,,
Ana Inkret,,,,,,,,,,
Dan Gillman,Clayton Waring,,,,,,,,,
Wolfgang Zenk-Möltgen,Uwe Jensen,,,,,,,,,
Flavio Bonifacio,,,,,,,,,,
Homeyra Banaeefar,Elizabeth Moss,Sarah Burchart,Eszter Palvolgyi-Polyak,,,,,,,
Winny Nekesa Akullo,,,,,,,,,,
Hannah Gunderman,Limor Peer,,,,,,,,,
Olof Olsson,,,,,,,,,,
Janez Štebe,Sonja Bezjak,Serafeim Alvanides,Jonas Recker,Marijana Glavica,Irena Kranjec,Helena Laaksonen,Dimitra Kondyli,Nicolas Klironomos,Apostolos Linardis,Brian Kleiner
Hervé L'Hours,Jonas Recker,Benjamin Jacob Mathers,Maaike  Verburg,Robert Huber,,,,,,
Rob Grim,,,,,,,,,,
Meryl Brodsky,Hannah Chapman Tripp,,,,,,,,,
Libby Bishop,Dimitra Kondyli,Ilze Lace,Yevhen Voronin,,,,,,,
Alle Bloom,,,,,,,,,,
Vanessa Higgins,,,,,,,,,,
Katarina Blask,Marie-Luise Müller,Marc Latz,Stephanie Kraffert,Schirin Gellert,,,,,,
Sharon Bolton,,,,,,,,,,
Sharon Bolton,Taina Jääskeläinen,Darren Bell,,,,,,,,
Sharon Bolton,,,,,,,,,,
Aditya Ranganath,Jordan Wrigley,,,,,,,,,
Cissy Akello,,,,,,,,,,
Alicia Hofelich Mohr,Lisa Johnston,,,,,,,,,
Steven McEachern,Heather Leasor,Marina McGale,Julie McLeod,Kate O'Connor,Nicole Davis,Ingrid Mason,,,,
Ingrid Mason,Steven McEachern,Amir Aryani,Peter Vats,John Scullen,,,,,,
Claus-Peter Klas,Oliver Hopt,Thomas Krämer,Sigit Nugraha,,,,,,,
Benjamin Yousefi,Magnus Geber,,,,,,,,,
Michael Beckstrand,,,,,,,,,,
Thomas Krämer,,,,,,,,,,
Rachel Woodbrook,,,,,,,,,,
Alina Danciu,Geneviève Michaud,Baptiste Rouxel,,,,,,,,
Meghan Goodchild,John Huck,,,,,,,,,
Dany Minglu,,,,,,,,,,
Ivana Ilijasic Versic,Vanja Komljenovic,Martina Drascic Capar,Carsten Thiel,Irena Vipavc Brvar,Dimitra Kondyli,,,,,
Merlijn De Smit,,,,,,,,,,
Katarina Öjefors Stark,Arnold Kochari,Liane Hughes,Parul Tewatia,Anna Asklöf,Wolmar Nyberg Åkerström,Senthilkumar Panneerselvam,Hanna Kultima,Johan Rung,,
Priya Silverstein,Colin Elman,,,,,,,,,
Emma-Lisa Hansson,Mattias Persson,,,,,,,,,
Ryan Womack,,,,,,,,,,
Robert Stalone Buwule,,,,,,,,,,
Gabriele Hayden,Cameron Mulder,,,,,,,,,
Sarah King-Hele,,,,,,,,,,
Yukio Maeda,Makoto Asaoka,Masaharu Hayashi,,,,,,,,
Philipson,Joakim,,,,,,,,,
Gene Wang,,,,,,,,,,
P. L. Smith,,,,,,,,,,
Guanwen Zhang,John Huck,James Doiron,Leah Vanderjagt,,,,,,,
Michele Hayslett,Matt Jansen,,,,,,,,,
Sophia Lafferty-Hess,,,,,,,,,,
Jeannine Beeken,,,,,,,,,,
Sonja Bezjak,Irena Vipavc Brvar,,,,,,,,,
Maja Dolinar,Irena Vipavc Brvar,,,,,,,,,
Helen Clare,,,,,,,,,,
Ricarda Braukman,Ellen Leenarts,,,,,,,,,
Simon Eckert,Sebastian Netsche,,,,,,,,,
Bruce Jackson,,,,,,,,,,
Max Petzold,,,,,,,,,,
John Marcotte,Sarah Rush,Kelly Ogden-Schuette,,,,,,,,
Robert Stalone Buwule,Eliz Nassali State,Edward Mukiibi,,,,,,,,
Noé Nessel,,,,,,,,,,
Mark Goodwin,,,,,,,,,,
Dan Gillman,,,,,,,,,,
Kelly Schultz,Marcel Fortin,Kara Handren,,,,,,,,
Sarah Young,Huajin Wang,,,,,,,,,
Michaela Kudrnáčová,Ilona Trtíková,,,,,,,,,
